{"cameraMode":{"drawMode":0,"name":"Shaded","section":"Shading Mode"},"sceneLighting":false,"audioPlay":false,"sceneViewState":{"m_AlwaysRefresh":false,"showFog":true,"showSkybox":false,"showFlares":true,"showImageEffects":true,"showParticleSystems":true,"showVisualEffectGraphs":true,"m_FxEnabled":true},"in2DMode":false,"pivot":{"x":-0.0013086199760437012,"y":0.35518521070480349,"z":0.04994657635688782},"rotation":{"x":-0.0033079118002206089,"y":-0.9909926652908325,"z":0.131889209151268,"w":-0.02530604414641857},"size":0.6869677305221558,"orthographic":false}